0,Zack Snyder's Justice League (15) 2021 4K UHD (2 Disc),€10.00
1,"Lost Boys, The (15) 1987 4K UHD+BR",€15.00
2,Avengers: Infinity War (12) 2018 4K UHD+BR,€15.00
3,Tenet (12) 2020 4K UHD+BR,€6.00
4,Predator (18) 1987 4K UHD+BR,€25.00
5,Deadpool 2 (15) 2018 4K UHD+BR,€6.00
6,"Batman, The (15) 2022 4K UHD+BR (3 Disc)",€15.00
7,Blade Runner (15) 1983 4K UHD+BR,€15.00
8,"Shining, The: Extended Cut (1980) 4K UHD+BR",€15.00
9,Batman v Superman: Dawn of Justice (12) 2016 4K UHD+BR,€10.00
10,Glass (15) 2019 4K UHD+BR,€8.00
11,Black Panther (12) 2018 4K UHD+BR,€8.00
12,Deadpool & Wolverine (15) 2024 4K UHD+BR,€25.00
13,"Super Mario Bros. Movie, The (PG) 2023 4K UHD",€12.00
14,"Northman, The (15) 2022 4K UHD+BR",€20.00
15,Jaws (12) 1975 4K UHD+BR,€10.00
16,Skyscraper (12) 2018 4K UHD+BR,€6.00
17,Saving Private Ryan (15) 1998 4K UHD+BR,€20.00
18,"Mummy, The (15) 2017 4K UHD+BR",€12.00
19,Gladiator (15) 2000 4K UHD+BR,€12.00
20,Oblivion (12) 2013 4K UHD+BR,€8.00
21,Twisters (12) 2024 4K UHD,€15.00
22,Dune: Part 2 (12) 2024 4K UHD,€28.00
23,Enter the Dragon (18) 1973 4K UHD+BR,€12.00
24,Singin' in the Rain (G) 1952 4K UHD+BR,€12.00
25,"Green Mile, The (18) 1999 4K UHD+BR (2 Disc)",€18.00
26,Mortal Kombat (15) 2021 4K UHD+BR,€12.00
27,Blade (18) 1998 4K UHD+BR,€18.00
28,Beetlejuice (15) 1988 4K UHD+BR,€10.00
29,Full Metal Jacket (15) 1987 4K UHD+BR,€12.00
30,Avengers: Endgame (12) 2019 4K UHD+BR,€12.00
31,"Suicide Squad, The (15) 2021 4K UHD+BR",€15.00
32,"007, Skyfall (12) 2012 4K UHD+BR",€12.00
33,BackDraft (15) 1991 4K UHD+BR,€10.00
34,Rocky IV (12) 1895 4K UHD+BR,€15.00
35,Dune (12) 2021 4k UHD+BR,€18.00
36,Christopher Nolan Collection (12) 4K UHD+BR (21 Disc),€65.00
37,Evil Dead Rise (18) 2023 4K UHD+BR,€12.00
38,Hannibal (18) 2001 4K UHD+BR,€18.00
39,Atomic Blonde (15) 2017 4K UHD+BR,€12.00
40,Despicable Me 3 (U) 2017 4K UHD+BR,€5.00
41,Star Trek (12) 2009 4K UHD+BR,€10.00
42,Star Trek Beyond (12) 2016 4K UHD+BR,€15.00
43,Creed III (12) 2023 4K UHD+BR,€8.00
44,Rocky 3 (PG) 1982 4K UHD+BR,€10.00
45,"LEGO Movie 2, The (U) 2019 4K UHD+BR",€20.00
46,"LEGO Ninjago Movie, The (U) 2017 4K UHD+BR",€12.00
47,"LEGO Movie, The (U) 2013 4K UHD+BR",€18.00
48,Uncharted (12) 2022 4K UHD+BR,€18.00
49,Final Fantasy VII: Advent Children (12) 2005 4K UHD+BR,€10.00
50,Arrival (12) 2016 4K UHD+BR,€18.00
51,Jurassic World: Dominion (12) 2022 4K UHD+BR,€15.00
52,100 Years of Warner Bros. (PG) 4K UHD+BR (10 Disc),€50.00
53,2001: A Space Odyssey (12) 1968 4K UHD+BR,€20.00
54,"Goonies, The (12) 1985 4K UHD+BR",€12.00
55,Joker (15) 2019 4K UHD+BR,€15.00
56,Batman (15) 1989 4K UHD+BR,€10.00
57,Creed II (12) 2018 4K UHD+BR,€8.00
58,"Batman: Dark Knight, The (12) 2008 4K UHD+BR",€12.00
59,Ready Player One (12) 2018 4K UHD+BR,€12.00
60,Interstellar (12) 2014 4K UHD+BR,€15.00
61,Black Hawk Down (15) 2001 4K UHD+BR+Bonus Disc,€25.00
62,Independence Day (12) 4K UHD+BR,€15.00
63,"Revenant, The (15) 2015 4K UHD+BR",€15.00
64,Wonder Woman (12) 2017 4K UHD+BR,€10.00
65,Mad Max: Fury Road (15) 2015 4K UHD+BR (2 Disc),€10.00
66,Spider-Man 3 Film Collection (12) 4K UHD+BR (6 Disc),€38.00
67,Stephen Kings IT: 2 Film Collection 4k UHD+BR (15) 4 Discs,€15.00
68,Godzilla: King Of The Monsters (12) 2019 4K UHD+BR,€12.00
69,Venom (15) 2018 4K UHD+BR,€10.00
70,Ant-Man & The Wasp (12) 2018 4K UHD+BR,€6.00
71,Suicide Squad (15) 2016 4K UHD+Extended Cut,€6.00
72,Eternals (12) 2021 4k UHD+BR,€12.00
73,Unbreakable (12) 2000 4K UHD+BR,€20.00
74,Beauty & The Beast (PG) 1991 4K UHD+BR,€20.00
75,Onward (U) 2020 4K UHD+BR,€10.00
76,"Star Wars, Episode VI - Return Of The Jedi (U) 1983 4K UHD+BR (3 Disc)",€15.00
77,"Star Wars, Episode IX - The Rise Of Skywalker (12) 2019 4K UHD+BR",€12.00
78,Aladdin (PG) 1992 4K UHD+BR,€10.00
79,Captain Marvel (12) 2019 4K UHD+BR,€6.00
80,Mary Poppins Returns (U) 2018 4K UHD+BR,€6.00
81,"Lion King, The (G) 1994 4K UHD+BR",€22.00
82,Avengers Assemble (12) 2012 4K UHD+BR,€12.00
83,"Wild Robot, The (G) 2024 4K UHD",€22.00
84,Wandavision: Complete Season (12) 4K UHD Limited Ed. Steelbook,€70.00
85,Mission: Impossible Dead Reckoning Pt 1 (12) 2023 4K UHD,€18.00
86,Dungeons & Dragons: Honor Among Thieves (12) 2023 4K UHD,€15.00
87,Vanilla Sky (15) 2001 4K UHD+BR,€18.00
88,Shooter (15) 2007 4K UHD,€12.00
89,La La Land (12) 2016 4K UHD+BR,€12.00
90,Oppenheimer (15) 2023 4K UHD+BR,€20.00
91,Halloween Ends (18) 2022 4K UHD+BR,€6.00
92,8 Mile (15) 2002 4K UHD+BR (2 Disc),€10.00
93,Nope (15) 2022 4K UHD+BR,€15.00
94,Halloween Kills (18) 2021 4K UHD+BR,€6.00
95,Candyman (15) 2021 4K UHD+BR,€10.00
96,Back To The Future: The Ultimate Trilogy 4K UHD+BR (7 Disc),€50.00
97,Top Gun (12) 1986 4K UHD+BR,€15.00
98,Casino (18) 1995 4K UHD+BR,€12.00
99,Shutter Island (15) 2010 4K UHD+BR,€20.00
100,Furiosa: A Mad Max Saga (15) 2024 4K UHD Limited Ed. Steelbook,€50.00
101,Godzilla x Kong: The New Empire (12) 2024 4K UHD HMV Ex Ltd Ed. Steelbook,€45.00
102,Wonka (PG) 2023 4K UHD+BR Limited.Ed Steelbook,€35.00
103,"Last of Us, The: Season 1 (15) 4K UHD+BR",€32.00
104,Rebel Without A Cause (PG) 1955 (4K UHD + BR),€10.00
105,Training Day (18) 2001 4K UHD + BR,€12.00
106,"Flash, The (12) 2023 4K UHD+BR",€10.00
107,Barbie (12) 2023 4K UHD,€8.00
108,Rocky 2 (PG) 1979 4K UHD+BR,€10.00
109,Poltergeist (15) 1982 4K UHD+BR,€12.00
110,Elf (PG) 2003 4K UHD+BR,€18.00
111,Citizen Kane (G) 1941 4K UHD+BR,€12.00
112,Black Adam (12) 2022 4K UHD+BR,€8.00
113,"Shawshank Redemption, The (15) 1990 4K UHD+BR",€10.00
114,"Clockwork Orange, A (18) 1971 4K UHD+BR",€8.00
115,"IT, Chapter Two (15) 2019 4K UHD+BR",€10.00
116,"Wizard of Oz, The (PG) 1939 4K UHD+BR",€20.00
117,Batman Returns (15) 1992 4K UHD+BR,€15.00
118,"Star Is Born, A (15) 2018 4K UHD+BR",€12.00
119,"Game Of Thrones, Season 1 (18) 4K UHD (4 Disc)",€12.00
120,"Batman, Dark Knight Rises (12) 2012 4K UHD+BR (3 Disc)",€12.00
121,Batman Begins (12) 2005 4K UHD+BR (3 Disc),€8.00
122,"Prestige, The (12) 2006 4K UHD+BR",€12.00
123,Dunkirk (12) 2017 4K UHD+BR (3 Disc),€8.00
124,GoodFellas (18) 1990 4K UHD+BR,€15.00
125,"LEGO Batman Movie, The (U) 2017 4K UHD+BR",€5.00
126,Creed (12) 2015 4K UHD+BR,€10.00
127,65 (12) 2023 4K UHD+BR,€10.00
128,Bad Boys For Life (15) 2020 4K UHD+BR,€15.00
129,Inferno (15) 2016 4K UHD+BR2,€5.00
130,Spider-Man: Into The Spider-Verse (PG) 2018 4K UHD + BR,€12.00
131,"Equalizer, The (15) 2014 4K UHD+BR",€18.00
132,Terminator: Dark Fate (15) 2019 4K UHD+BR,€18.00
133,"Revenant, The (15) 2015 4K UHD",€12.00
134,X-Men: Days Of Future Past (12) 2014 4K UHD+BR,€12.00
135,Pitch Black (15) 2000 4K UHD (Arrow Video),€15.00
136,Heat (15) 1995 4K UHD+BR (3 Disc),€22.00
137,"Ladykillers, The (PG) 1955 4K UHD+BR",€12.00
138,Beetlejuice Beetlejuice (12) 2024 4K UHD,€20.00
139,Joker: Folie A Deux (15) 2024 4K UHD,€15.00
140,"Boss Baby, The (U) 2017 4K UHD+BR",€8.00
141,"Fifth Element, The (1997) 4K UHD+BR",€28.00
142,American Gangster (18) 2007 4K UHD+BR,€12.00
143,Pulp Fiction (18) 1994 4K UHD+BR,€22.00
144,Escape From New York (15) 1981 4K UHD+2BR (3 Disc),€18.00
145,Fifty Shades Darker/Fifty Shades of Grey (18) 4K UHD+BR 4 Discs,€15.00
146,Apollo 13 (PG) 1995 4K UHD+BR,€10.00
147,Last Action Hero (1993) 4K UHD+BR,€25.00
148,Memories Of Murder (15) 2003 4K UHD+BR,€40.00
149,"Lord Of The Rings Trilogy, The: + Extended Edition (12) 4K UHD (9 Disc)",€78.00
150,Alien 40th Anniversary (18) 1979 4K UHD+BR,€32.00
151,Logan (15) 2017 4K UHD+BR,€12.00
152,"Marvels, The (12) 2023 4K UHD+BR",€8.00
153,Gladiator 2 (15) 2024 4K UHD+BR,€22.00
154,Sleepy Hollow (15) 1999 4K UHD+BR,€20.00
155,Top Gun/Top Gun: Maverick (12) 4K UHD (2 Disc),€35.00
156,GI Joe: Snake Eyes (12) 2021 4K UHD+BR,€18.00
157,Deepwater Horizon (12) 2016 4K UHD+BR,€15.00
158,Fast & Furious X (12) 2023 4K UHD,€10.00
159,Waterworld (12) 4K UHD+BR,€15.00
160,Us (15) 2019 4K UHD+BR,€10.00
161,Annihilation (15) 2018 4K UHD+BR,€15.00
162,Scarface (18) 1983 4K UHD+BR,€20.00
163,Transformers: The Last Knight (12) 2017 4K UHD+BR,€12.00
164,Transformers Dark Of The Moon (12) 2011 4K UHD+BR,€10.00
165,Despicable Me (U) 2010 (4K UHD+BR),€5.00
166,Se7en (18) 1995 4K UHD,€40.00
167,East Of Eden (PG) 1955 4K UHD+BR,€20.00
168,Rocky (12) 1976 4K UHD+BR,€12.00
169,Godzilla vs. Kong (12) 2021 4K UHD+BR,€12.00
170,Gremlins (15) 1984 4K UHD+BR,€12.00
171,"Matrix, The (15) 1999 4K UHD+BR",€15.00
172,Equalizer 3 (15) 2023 4K UHD+BR,€15.00
173,Ghostbusters: Frozen Empire (12) 2024 4K UHD+BR,€25.00
174,"007, Spectre (12) 2015 4K UHD+BR",€12.00
175,X-Men: Dark Phoenix (12) 2019 4K UHD+BR,€10.00
176,Dawn Of The Planet Of The Apes (12) 2014 4K UHD+BR,€10.00
177,Star Wars I: The Phantom Menace (PG) 4K UHD+BR 1999 Ltd Ed. Steelbook,€15.00
178,Guardians Of The Galaxy Vol. 2 (12) 2017 4K UHD+BR,€18.00
179,"Hunger Games, The: The Ballad Of Songbirds & Snakes (12) 2023 (4K UHD)",€12.00
180,Jigsaw (18) 2017 4K UHD+BR,€6.00
181,Halloween Kills (18) 2021 4K UHD+BR - Limited Ed. Steelbook,€15.00
182,Nobody (15) 2021 4K UHD+BR,€15.00
183,1917 (15) 2019 4K UHD+BR,€10.00
184,Jurassic World/Jurassic World: Fallen Kingdom (12) 4K UHD+BR (2 Disc),€18.00
185,Mission Impossible: The 6 Movie Collection (15) 4K UHD+BR (13 Disc),€65.00
186,"Incredible Hulk, The (12) 2008 4K UHD+BR",€25.00
187,E.T. The Extra Terrestrial (PG) 1982 4K UHD+BR,€15.00
188,Fantastic Beasts: The Secrets of Dumbledore (12) 2022 4K UHD+BR,€10.00
189,Fantastic Beasts: The Crimes Of Grindelwald (12) 2018 4K UHD+BR,€15.00
190,Matrix Trilogy (15) 2003 4K UHD (9 Disc),€35.00
191,John Wick: Chapter 2 (15) 2017 4K UHD+BR,€10.00
192,Fantastic Beasts & Where To Find Them (12) 2016 4K UHD,€6.00
193,Man of Steel (12) 2013 4K UHD+BR,€15.00
194,Pan (PG) 2015 4K UHD+BR,€6.00
195,Blue Planet II (U) 4K UHD+BR (6 Discs),€20.00
196,Planet Earth II (2) (PG) 4K UHD+BR,€15.00
197,Ad Astra (12) 2019 4K UHD+BR,€18.00
198,Kingsman: The Secret Service (15) 2014 4K UHD+BR,€8.00
199,"Martian, The (12) 2015 4K UHD",€10.00
200,Stephen King's It (15) 2017 4K UHD+BR,€12.00
201,Incredibles 2 (PG) 2018 4K UHD,€3.00
202,Solo - A Star Wars Story (12) 2018 4K UHD+BR,€10.00
203,Halloween (18) 2018 4K UHD+BR,€6.00
204,First Man (12) 2018 4K UHD+BR 2 Disc,€12.00
205,Independence Day: Resurgence (12) 2016 4K UHD+BR,€10.00
206,Doctor Sleep (15) 2019 4K UHD+2BR,€12.00
207,"Daniel Craig 5-Film Collection, The (12) 4K UHD+BR (10 Discs)",€45.00
208,"Little Mermaid, The (PG) 2023 4K UHD+BR",€20.00
209,Avatar: The Way of Water (12) 2022 4K UHD+BR Steelbook,€25.00
210,Black Panther: Wakanda Forever (12) 2022 4K UHD + BR,€12.00
211,Pirates of the Caribbean: 5-Movie Collection (12) 4K UHD+BR (10 Disc),€85.00
212,Thor: Love & Thunder (12) 2022 4K UHD+BR Zavvi Excl Steelbook,€12.00
213,Thor: Love & Thunder (12) 2022 4K UHD+BR,€8.00
214,Lightyear (PG) 2022 4K UHD+BR,€15.00
215,Doctor Strange in the Multiverse of Madness (12) 2022 4K UHD+BR,€15.00
216,Doctor Strange in The Multiverse Of Madness (12) 2022 4K UHD+BR Steelbook,€20.00
217,Turning Red (PG) 2022 4K UHD+BR,€8.00
218,Free Guy (12) 2021 4K UHD+BR,€12.00
219,Monsters University (G) 2013 4K UHD+BR - Zavvi Exclusive,€15.00
220,Monsters Inc. Zavvi Exclusive (G) 2001 4K UHD+BR,€30.00
221,Finding Nemo (U) 2003 4K UHD+BR Zavvi Exclusive,€20.00
222,Speed (15) 1994 4K UHD+BR,€10.00
223,Jojo Rabbit (12) 2019 4K UHD+BR,€12.00
224,Moana (PG) 2016 4K UHD+BR,€12.00
225,Hocus Pocus (PG) 1993 4K UHD+BR,€12.00
226,Home Alone 30th Anniversary Edition (PG) 1990 4K UHD+BR,€15.00
227,Soul (PG) 2020 4k UHD+BR,€10.00
228,Star Wars: Rogue One (12) 2016 4K UHD+BR (3 Disc),€25.00
229,Mulan (12) 2020 4K UHD+BR,€6.00
230,Star Wars Episode I: The Phantom Menace (PG) 2020 4K UHD+BR,€12.00
231,Star Wars Episode VIII: The Last Jedi (12) 2017 4K UHD+2BR,€12.00
232,"Star Wars, Episode VII - The Force Awakens (12) 2015 4KUHD+2BR",€15.00
233,Frozen 2 (U) 2019 4K UHD+BR,€6.00
234,Maleficent: Mistress Of Evil (PG) 2019 4K UHD+BR,€8.00
235,Ant-Man/Ant-Man & The Wasp (12) 4K UHD+BR (4 Disc),€25.00
236,Doctor Strange (12) 2016 4K UHD+BR,€15.00
237,Thor 3 Movie Collection (12) 2019 4K UHD+BR (6 Disc),€22.00
238,Iron Man 2 (12) 2010 4K UHD+BR,€10.00
239,Aladdin (PG) 2019 4K UHD+BR,€4.00
240,Dumbo (PG) 2019 4K UHD+BR,€6.00
241,Captain America: The Winter Soldier (2014) 4K UHD+BR,€15.00
242,Iron Man (12) 2008 4K UHD+BR,€15.00
243,Solo - A Star Wars Story (12) 2018 4K UHD,€18.00
244,Thor Ragnarok (12) 2017 4K UHD+BR,€4.00
245,Black Panther (12) 2018 4K UHD+BR Limited Ed. Steelbook,€18.00
246,Wicked (PG) 2024 4K UHD+BR,€25.00
247,"Last Kumite, The (15) 2024 4K UHD+BR - Limited Ed. Steelbook",€15.00
248,All Quiet on the Western Front (15) 2022 Ltd Ed. 4K UHD+BR Steelbook,€42.00
249,Inside Out 2 (U) 2024 4K UHD+BR Limited Ed. Steelbook,€40.00
250,Inside Out 2 (U) 2024 4K UHD+BR,€28.00
251,Falcon & The Winter Soldier - Season 1 4K UHD+BR Limited Ed. Steelbook,€62.00
252,"Marvels, The (12) 2023 4K UHD+BR - Limited Ed. Steelbook",€45.00
253,Indiana Jones & the Dial of Destiny (12) 2023 4K UHD Steelbook Ed.,€35.00
254,Indiana Jones & the Dial of Destiny (12) 2023 4K UHD+BR,€22.00
255,Prey (15) 2022 4K UHD+BR,€28.00
256,Smile 2 (2024) 4K UHD,€20.00
257,Transformers One (PG) 2024 4K UHD+BR,€32.00
258,"Quiet Place, A: Day One (15) 2024 4K UHD",€28.00
259,Bob Marley: One Love (12) 2024 4K UHD,€20.00
260,Beverly Hills Cop III (15) (1994) 4K UHD,€15.00
261,Transformers: Rise of the Beasts (12) 2023 4K UHD+BR - Steelbook Ed.,€40.00
262,Teenage Mutant Ninja Turtles: Mutant Mayhem (PG) 2023 4K UHD,€10.00
263,Scream: The Original Trilogy (18) 3 4K UHD+3BR,€45.00
264,Transformers: Rise of the Beasts (12) 2023 4K UHD+BR - Steelbook Ed.,€22.00
265,Mission: Impossible 3 (12) 2006 4K UHD+2x BR Limited Edition Steelbook,€15.00
266,Scream VI (18) 2023 4K UHD+BR,€15.00
267,Smile (18) 2022 4K UHD,€20.00
268,Saturday Night Fever (18) 1977 4K UHD+BR,€25.00
269,Star Trek VI: The Undiscovered Country (PG) 1991 4K UHD+BR,€20.00
270,Star Trek II: The Wrath Of Khan (12) 1982 4K UHD+BR,€15.00
271,Sonic the Hedgehog 2 (PG) 2022 4K UHD+BR Steelbook,€18.00
272,Sum Of All Fears (12) 2002 4K UHD+BR,€25.00
273,"Lost City, The (12) 2022 4K UHD+BR",€15.00
274,Star Trek: The Motion Picture: The Director's Edition (PG) 1969 4K UHD+BR,€28.00
275,"Untouchables, The (15) 1987 4K UHD",€28.00
276,Scream (18) 2022 4K UHD,€10.00
277,"Hunt For Red October, The (PG) 1990 4K UHD+BR",€20.00
278,"Quiet Place, A: Part II (15) 2020 4K UHD+BR Limited Ed. Steelbook",€18.00
279,"Quiet Place, A: Part II (15) 4K UHD+BR",€10.00
280,Saw X (18) 2023 4K UHD + BR,€12.00
281,"Expend4bles (4), The (15) 2023 4K UHD+BR",€15.00
282,"John Wick: Chapter 4 (15) 2023 4k UHD Col. Ed. w/ Pin,6 Cards,Map,Key Card",€40.00
283,John Wick: Chapter 4 (15) 2023 4K UHD+BR,€18.00
284,Prey For The Devil (15) 2022 4K UHD+BR,€10.00
285,Saw (18) 2004 4K UHD+BR,€15.00
286,John Wick: Chapters 1-3 4K UHD (3 Disc),€25.00
287,Sicario 2: Soldado (15) 2018 4K UHD+BR,€12.00
288,Wonder (PG) 2017 4K UHD + BR,€6.00
289,"Hitman's Bodyguard, The (15) 2017 4K UHD+BR",€10.00
290,Power Rangers (12) 2017 4K UHD+BR,€15.00
291,"Hunger Games, The: Mockingjay Part 1 (12) 2014 4K UHD+BR",€10.00
292,Back to Black (15) 2024 4K UHD+BR - Limited Ed. Steelbook,€18.00
293,Ghost Dog: The Way of the Samurai (15) 1999 4K UHD+BR,€28.00
294,Angel Heart (18) 1987 4K UHD+BR,€22.00
295,They Live (18) 1988 4K UHD+BR (3 Disc),€20.00
296,Rambo: First Blood (15) 1982 4K UHD+BR,€15.00
297,"Robert De Niro's Deer Hunter, The (18) 1978 4K UHD+BR 3 Disc",€28.00
298,Terminator 2: Judgement Day (15) 1991 4K UHD+BR,€28.00
299,Ferrari (15) 2023 4K UHD,€18.00
300,"Exorcist: Believer, The (15) 2023 4K UHD+BR Spec.Ed. SB w/ 4xCards,Booklet",€22.00
301,"Exorcist: Believer, The (15) 2023 4K UHD",€6.00
302,Violent Night (15) 2022 4K UHD,€15.00
303,Jaws 2 (PG) 1978 4K UHD,€12.00
304,Hard Target (18) 1993 4K UHD,€15.00
305,"Fabelmans, The (12) 2022 4K UHD",€15.00
306,"Bourne, The: Complete Collection (12) 4K UHD (6 Discs)",€45.00
307,Kick-Ass (15) 2010 4K UHD+BR,€15.00
308,Duel (12) 1971 4K UHD,€18.00
309,"Forever Purge, The (15) 2021 4K UHD+BR",€10.00
310,Fast & Furious 9 - The Fast Saga (12) 2021 4K UHD+BR,€10.00
311,Carlitos Way (18) 1993 4K UHD+BR (2 Disc),€12.00
312,Scott Pilgrim Vs. The World (12) 2010 4K UHD+BR,€12.00
313,Old (15) 2021 4K UHD+BR,€12.00
314,"Sting, The (PG) 1973 4K UHD+BR",€15.00
315,Beverly Hills Cop (15) 1984 4K UHD+BR,€10.00
316,Trolls World Tour (U) 2020 4K UHD+BR,€15.00
317,"Thing, The (18) 1982 4K UHD+BR",€28.00
318,Inglourious Basterds (18) 2009 4K UHD+BR,€10.00
319,War Of The Worlds (12) 2005 4K UHD+BR,€25.00
320,Sonic The Hedgehog (PG) 2020 4K UHD+BR,€20.00
321,Watchmen: Ultimate Cut (2009) 4K UHD+BR 3 Disc,€28.00
322,Yesterday (12) 2019 4K UHD+BR,€8.00
323,Fast & Furious: Hobbs & Shaw (12) 2019 4K UHD+BR,€8.00
324,Rocketman (15) 2019 4K UHD+BR,€15.00
325,Hellboy 2 - The Golden Army (12) 2008 4K UHD+BR,€12.00
326,"Grinch, The (U) 2018 4K UHD+BR",€6.00
327,Johnny English Strikes Again (PG) 2018 4K UHD+BR,€5.00
328,"First Purge, The (15) 2018 4K UHD+BR",€6.00
329,Mamma Mia! Here We Go Again (PG) 2018 4K UHD+BR,€5.00
330,G.I Joe Retaliation (12) 2012 4K UHD+BR,€15.00
331,"Fast & The Furious, The (15) 2001 4K UHD+BR",€8.00
332,Jurassic World: Fallen Kingdom (12) 2018 4K UHD+BR,€12.00
333,"Quiet Place, A (15) 2018 4K UHD+BR",€12.00
334,Forrest Gump (12) 1994 4K UHD+BR,€18.00
335,Pacific Rim - Uprising (12) 2018 4K UHD+BR,€6.00
336,Jurassic Park 3 (PG) 2001 4K UHD+BR,€15.00
337,Jurassic Park - The Lost World (1997) 4K UHD+BR,€10.00
338,Fifty Shades Freed (18) 2018 4K UHD + BR 2 Disc,€10.00
339,Transformers 5-Movie Collection (12) 4K UHD + BR 11 Discs,€62.00
340,Get Out (15) 2017 4K UHD+BR,€6.00
341,Bourne: The Ultimate Collection (12) 4K UHD+BR (10 Disc),€55.00
342,Fast & Furious 8 (12) 2017 4K UHD+BR,€12.00
343,Ghost In The Shell (12) 2017 4K UHD+BR,€15.00
344,How The Grinch Stole Christmas (PG) 2000 4K UHD+BR,€15.00
345,"Mummy, The: Tomb Of Dragon Emperor (12) 2008 4K UHD+BR",€10.00
346,"Mummy Returns, The (12) 2001 4K UHD+BR",€12.00
347,Sing (U) 2016 4K UHD+BR,€6.00
348,"Bourne Supremacy, The (12) 2003 4K UHD+BR",€6.00
349,Jason Bourne (12) 2016 4K UHD+BR,€8.00
350,Warcraft: The Beginning (12) 2016 4K UHD+BR,€10.00
351,"Great Wall, The (12) 2016 4K UHD+BR",€15.00
352,Fast & Furious 7 (12) 2015 4K UHD+BR,€15.00
353,Fast & Furious 6 (12) 2013 4K UHD+BR,€10.00
354,"Secret Life Of Pets, The (U) 2016 4K UHD+BR",€8.00
355,Teenage Mutant Ninja Turtles: Out Of The Shadows (12) 2016 4K UHD+BR,€12.00
356,Snow White & The Huntsman (12) 2012 4K UHD+BR,€6.00
357,"Huntsman, The - Winter's War (12) 2016 4K UHD+BR",€5.00
358,Star Trek: Into Darkness (12) 2013 4K UHD+BR,€12.00
359,Blazing Saddles (15) 1974 4K UHD,€22.00
360,Friends: The Complete Series (25 Discs),€125.00
361,"Terminator, The (15) 1984 - 4K UHD",€32.00
362,"Nightmare On Elm Street, A (18) 1984 4K UHD",€20.00
363,Rocky V (PG) 1990 (4K UHD+BR),€18.00
364,Furiosa: A Mad Max Saga (15) 2024 4K UHD,€18.00
365,Godzilla x Kong: The New Empire (12) 2024 4K UHD,€18.00
366,Wonka (PG) 2023 4K UHD,€5.00
367,American Sniper (15) 2014 4K UHD+BR Limited Collector's Ed. Steelbook,€30.00
368,Aquaman and the Lost Kingdom (12) 2023 4k UHD+BR,€15.00
369,Batman: The Long Halloween Deluxe Edition (15) 2021 4K UHD,€30.00
370,"Exorcist, The (18) 1973 4K UHD+BR (4 Disc)",€18.00
371,2001 - A Space Odyssey (12) The Film Vault Ltd Edition 4K UHD (2 Disc),€52.00
372,National Lampoon's Vacation (15) 1983 4K UHD+BR,€18.00
373,100 Years of Warner Bros: 5-Film Collection (18) 4K UHD+BR (10 Discs),€48.00
374,100 Years of Warner Bros: New Hollywood 5 Film Coll.(18) 4K UHD+BR 10 Disc,€28.00
375,"Maltese Falcon, The (PG) 1941 4K UHD+BR",€22.00
376,Cool Hand Luke (15) 1967 (4K UHD + BR),€18.00
377,Rocky the Knockout Collection (12) 4K UHD (5 Disc),€35.00
378,Superman IV: The Quest For Peace (PG) 1987 4K UHD + BR,€12.00
379,Shazam! Fury of the Gods (12) 2023 4K UHD+BR,€12.00
380,"Nun 2, The (15) 2023 (4K UHD)",€10.00
381,Batman & Robin (PG) 1997 4K UHD+BR Ultimate Collector's Edi. Steelbook,€25.00
382,House of the Dragon: Season 1 (18) 4K UHD (4 Disc),€15.00
383,Elvis (12) 2022 4K UHD+BR,€6.00
384,Elvis (12) 2022 4K UHD+BR Limited Ed. Steelbook,€12.00
385,National Lampoon's Christmas Vacation (12) 1989 4K UHD+BR,€12.00
386,"Polar Express, The (U) 2004 4K UHD+BR",€15.00
387,"Matrix Resurrections, The (15) 2021 4k UHD+BR",€10.00
388,Stanley Kubrick: 5 Film Collection (18) 4K UHD+BR (10 Disc),€48.00
389,A Clockwork Orange Titans of Cult (18) 2021 4K UHD+BR Ltd.Ed Steelbook,€20.00
390,"Conjuring, The: The Devil Made Me Do It (18) 2021 4K UHD+BR",€12.00
391,"Hobbit, The: Trilogy (12) 4K UHD (6 Disc) Theatrical and Extended Ed.",€55.00
392,300 (15) 2006 4K UHD+BR,€12.00
393,Sherlock Holmes (12) 4K UHD+BR 2009,€18.00
394,Sherlock Holmes: Game Of Shadows (12) 2011 4K UHD+BR,€18.00
395,Wonder Woman 1984 (12) 2020 4K UHD + BR,€8.00
396,Joker (15) 2019 4K UHD+BR Limited Ed. Steelbook,€18.00
397,Stephen King's It: Chapter 2 (15) 2019 4K UHD+2BR,€8.00
398,Shazam! (12) 2019 4K UHD+BR Limited Ed. Steelbook,€15.00
399,Aquaman (12) 2018 4K UHD+BR Limited Ed. Steelbook,€25.00
400,Pokemon Detective Pikachu (PG) 2019 4K UHD + BR (No Card),€12.00
401,"Mule, The (15) 2018 4K UHD+BR",€8.00
402,Ocean's Eight (12) 2018 4K UHD+BR,€10.00
403,Harry Potter - Complete Collection (12) 4K UHD+BR (16 Discs),€62.00
404,Tomb Raider (12) 2018 4K UHD+BR,€8.00
405,Kong: Skull Island (12) 2017 4K UHD+BR,€15.00
406,"Town, The (15) 2010 4K UHD+BR",€20.00
407,War Dogs (15) 2016 4K UHD+BR,€10.00
408,Frozen Planet II (PG) 4K UHD+BR (4 Discs),€28.00
409,Dynasties - David Attenborough (PG) 4K UHD+BR,€10.00
410,Austin Powers: International Man of Mystery (12) 4KUHD+BR w/4xCard+Poster,€22.00
411,Resident Evil: Welcome to Raccoon City (15) 2021 4K UHD+BR,€15.00
412,In the Line of Fire (15) 1993 4K UHD,€18.00
413,Resident Evil: Afterlife (15) 2010 4K UHD+BR,€10.00
414,"Evil Dead, The (18) 1981 4K UHD+BR",€15.00
415,Monster Hunter (12) 2020 4K UHD+BR,€15.00
416,Equalizer 3 (15) 2023 4K UHD+BR Limited Ed. Steelbook,€25.00
417,Gran Turismo (12) 2023 4K UHD+BR,€10.00
418,Venom: Let There Be Carnage (15) 2021 4K UHD+BR,€10.00
419,"Equalizer 2, The (15) 2018 4K UHD+BR",€6.00
420,Spider-Man: No Way Home (12) 2021 4K UHD+BR,€15.00
421,"Angry Birds Movie, The (U) 2016 4K UHD+BR",€6.00
422,Spider-Man: Across The Spider-Verse (PG) 2023 4K UHD+BR,€30.00
423,Underworld: Blood Wars (15) 2016 4K UHD+BR,€18.00
424,"Magnificent 7, The (12) 2016 4K UHD+BR",€12.00
425,Sausage Party (18) 2016 4K UHD+BR,€6.00
426,"Amazing Spider-Man, The 1 & 2 (12) 4K UHD+BR",€30.00
427,Bullet Train (15) 2022 4K UHD+BR,€20.00
428,Bad Boys: Ride Or Die (15) 2024 4K UHD,€18.00
429,Jumanji: The Next Level (12) 2019 4K UHD+BR Limited Ed. Steelbook,€20.00
430,Bloodshot (12) 2020 4K UHD+BR (2 Disc),€15.00
431,Zombieland: Double Tap (15) 2019 4K UHD+BR,€6.00
432,Peter Rabbit (PG) 2018 4K UHD+BR,€6.00
433,Spider-Man Homecoming (12) 2017 4K UHD+BR,€18.00
434,Venom: The Last Dance (15) 2024 4K UHD+BR,€28.00
435,Bad Boys (18) 1995 4K UHD+BR,€15.00
436,Zombieland (15) 2009 4K UHD+BR,€18.00
437,Smurfs: The Lost Village (U) 2017 4K UHD+BR,€8.00
438,"Guns of Navarone, The (PG) 1961 4K UHD+BR",€18.00
439,"Da Vinci Code 10th Anniversary,The (15) 4K UHD+BR 3 Disc",€15.00
440,Ghostbusters (12) 2016 4K UHD+BR,€4.00
441,Bram Stoker's Dracula (18) 1993 4K UHD+BR,€22.00
442,Bad Boys II (15) 2003 4K UHD+BR,€15.00
443,"Amazing Spider-Man, The (12) 2012 4K UHD+BR",€20.00
444,Dark Crystal (PG) 1982 4K UHD+BR,€20.00
445,Easy Rider (1969) 4K UHD+BR,€20.00
446,"Bridge On The River Kwai, The (PG) 1957 4K UHD+BR",€15.00
447,"007, Quantum Of Solace (12) 2008 4K UHD+BR",€8.00
448,Le Mans '66 (12) 2019 4K UHD+BR,€15.00
449,Alita: Battle Angel (12) 2019 4K UHD+BR+3D,€25.00
450,Widows (15) 2018 4K UHD+BR,€10.00
451,"House With A Clock In Its Walls, The (12) 2018 4K UHD+BR",€6.00
452,Predator Trilogy (18) 4K UHD+2BR,€35.00
453,Red Sparrow (15) 2018 4K UHD+BR,€8.00
454,"Shape of Water, The (15) 2018 4K UHD+BR",€18.00
455,Maze Runner: The Death Cure (12) 2018 4K UHD+BR,€8.00
456,Kingsman: The Golden Circle (15) 2017 4K UHD+BR,€6.00
457,Prometheus (15) 2012 4K UHD+BR,€25.00
458,Assassin's Creed (12) 2016 4K UHD+BR,€8.00
459,Miss Peregrine's Home for Peculiar Children (12) 2016 4K UHD+BR,€15.00
460,X-Men: Apocalypse (12) 2016 4K UHD+BR,€8.00
461,Deadpool (15) 2016 4K UHD+BR,€18.00
462,"Babadook, The (15) 2014 4K UHD",€20.00
